<?xml version="1.0" encoding="UTF-8"?>
<FileZilla3 version="3.25.2" platform="*nix">
	<Servers>
		<Server>
			<Host>example.org</Host>
			<Port>21</Port>
			<Protocol>0</Protocol>
			<Type>0</Type>
			<User>test</User>
			<Logontype>2</Logontype>
			<TimezoneOffset>0</TimezoneOffset>
			<PasvMode>MODE_DEFAULT</PasvMode>
			<MaximumMultipleConnections>0</MaximumMultipleConnections>
			<EncodingType>Auto</EncodingType>
			<BypassProxy>0</BypassProxy>
			<Name>example</Name>
			<Comments />
			<Colour>0</Colour>
			<LocalDir />
			<RemoteDir />
			<SyncBrowsing>0</SyncBrowsing>
			<DirectoryComparison>0</DirectoryComparison>example</Server>
	</Servers>
</FileZilla3>
